{"cameraMode":{"drawMode":0,"name":"Shaded","section":"Shading Mode"},"sceneLighting":true,"audioPlay":false,"sceneViewState":{"showFog":true,"showMaterialUpdate":true,"showSkybox":true,"showFlares":true,"showImageEffects":true,"showParticleSystems":true},"in2DMode":false,"pivot":{"x":-0.008864768780767918,"y":-0.4326990246772766,"z":3.322068929672241},"rotation":{"x":-0.03929964825510979,"y":0.0005969409830868244,"z":-0.00002339250931981951,"w":-0.999228298664093},"size":3.9415628910064699,"orthographic":false}